45.0,115.0,chunks/dd4e7c04-ce30-4ff2-a4f7-f81357c4406d.svg
40.0,115.0,chunks/7aa24ee8-e0cf-4522-83b2-7eed08691055.svg
40.0,120.0,chunks/afb17b9b-695e-46fb-b0e1-382f73a099c4.svg
45.0,120.0,chunks/83fc88e2-68a9-4503-b3ad-6178a3866e5e.svg
35.0,120.0,chunks/279457ad-50cc-41d5-a9d4-23d3819677ee.svg
35.0,125.0,chunks/45f20e59-8445-493e-ab5e-bfd91d8e9f5e.svg
40.0,125.0,chunks/a817c9e3-7e12-48b4-bcfc-0f1069e2028a.svg
50.0,115.0,chunks/95ff69fd-2453-419d-b2e7-6e8b538d01d7.svg
30.0,125.0,chunks/a590c5bc-9650-430c-a51a-10d0411bad4a.svg
45.0,125.0,chunks/08efeb61-96c2-4d1b-963e-2a777357f1f7.svg
15.0,130.0,chunks/33af5784-dd9d-43c0-aa0f-9f54d4469480.svg
15.0,135.0,chunks/4bd9d201-0539-47a7-9d5d-736892343348.svg
10.0,135.0,chunks/d09829da-8c76-4616-9922-31e5aadfe2ea.svg
15.0,140.0,chunks/a2d0ee7d-ea36-443b-bce9-078ac0cb345d.svg
10.0,140.0,chunks/8c559136-2685-420c-8955-d0afdd53c5b4.svg
10.0,145.0,chunks/519d3801-b8e8-4600-b22c-f663d4117e58.svg
15.0,145.0,chunks/97538901-1f39-4575-ae14-60719473e077.svg
25.0,125.0,chunks/b15c185e-9481-4164-ae9d-2ace0cd85e46.svg
25.0,145.0,chunks/26144b1e-b835-45cd-9437-44b0f5ca87ba.svg
20.0,125.0,chunks/ce72476b-59fb-4260-ac10-a10062ba476b.svg
25.0,130.0,chunks/1ecf581d-e567-46fc-90f8-454abea267b2.svg
20.0,130.0,chunks/cef803e6-039c-46d2-88af-a339353a5c41.svg
30.0,130.0,chunks/4b18e24a-05ff-4c9b-ab51-cd7aa9bf6964.svg
35.0,130.0,chunks/0487b7cb-898e-4fcb-877b-424c5cfeba98.svg
25.0,135.0,chunks/7cfce50b-f19d-4568-8181-a0eceb6d3289.svg
30.0,135.0,chunks/609c22ff-2613-4f8c-a807-53535d4ead5c.svg
20.0,135.0,chunks/f8e48caf-fd2b-4e99-9e15-bdfd7fac9c97.svg
35.0,135.0,chunks/b83cc7ce-ebaa-499c-abee-88ad9424f7b7.svg
30.0,140.0,chunks/61d8f8f2-4bb9-4951-99d2-66b0e555e22f.svg
35.0,140.0,chunks/b47d9b07-a61b-4205-9096-352fbde3fe01.svg
20.0,140.0,chunks/f2efa74e-c81a-4743-b13c-ba6f47f79267.svg
25.0,140.0,chunks/e5257d63-a66c-461e-b12d-7e234c9ff973.svg
20.0,145.0,chunks/4ab1ad32-04d4-40e8-8dde-e927eb44c124.svg
30.0,145.0,chunks/c5b53f4a-f007-4460-bbe3-11517edf2e42.svg
15.0,150.0,chunks/9da55622-52e0-45cf-a0dc-ccd8819e34bb.svg
